{"inputUnits":[63],"outputUnits":3,"inputs":{"0":{"dtype":"number","min":0.2559961974620819,"max":0.9068204164505005},"1":{"dtype":"number","min":0.4261644780635834,"max":0.9937657713890076},"2":{"dtype":"number","min":-9.712496193969855e-7,"max":0.0000010903145266638603},"3":{"dtype":"number","min":0.2654803991317749,"max":0.8973420262336731},"4":{"dtype":"number","min":0.33655527234077454,"max":0.9668983221054077},"5":{"dtype":"number","min":-0.05676767975091934,"max":0.12039455026388168},"6":{"dtype":"number","min":0.17326965928077698,"max":0.8976525068283081},"7":{"dtype":"number","min":0.26368966698646545,"max":0.9095633625984192},"8":{"dtype":"number","min":-0.08721427619457245,"max":0.19864521920681},"9":{"dtype":"number","min":0.1211622953414917,"max":0.91024249792099},"10":{"dtype":"number","min":0.2357099950313568,"max":0.8547068238258362},"11":{"dtype":"number","min":-0.12565840780735016,"max":0.25634637475013733},"12":{"dtype":"number","min":0.06339883804321289,"max":0.9447882175445557},"13":{"dtype":"number","min":0.203531876206398,"max":0.8079563975334167},"14":{"dtype":"number","min":-0.16717387735843658,"max":0.310680627822876},"15":{"dtype":"number","min":0.1879841685295105,"max":0.8590686321258545},"16":{"dtype":"number","min":0.18868790566921234,"max":0.8061432242393494},"17":{"dtype":"number","min":-0.13622261583805084,"max":0.21118390560150146},"18":{"dtype":"number","min":0.12292668223381042,"max":0.8218110799789429},"19":{"dtype":"number","min":0.13158579170703888,"max":0.7281455993652344},"20":{"dtype":"number","min":-0.18876563012599945,"max":0.289086252450943},"21":{"dtype":"number","min":0.08918686211109161,"max":0.8156886100769043},"22":{"dtype":"number","min":0.13547131419181824,"max":0.7296562194824219},"23":{"dtype":"number","min":-0.21598146855831146,"max":0.3236837089061737},"24":{"dtype":"number","min":0.05439487099647522,"max":0.8142642974853516},"25":{"dtype":"number","min":0.0881756991147995,"max":0.7349069118499756},"26":{"dtype":"number","min":-0.2329855114221573,"max":0.344117134809494},"27":{"dtype":"number","min":0.15504096448421478,"max":0.8974199891090393},"28":{"dtype":"number","min":0.20399367809295654,"max":0.8782621622085571},"29":{"dtype":"number","min":-0.1504935622215271,"max":0.18633873760700226},"30":{"dtype":"number","min":0.13641496002674103,"max":0.8234938383102417},"31":{"dtype":"number","min":0.18478074669837952,"max":0.8597531914710999},"32":{"dtype":"number","min":-0.20665064454078674,"max":0.27910175919532776},"33":{"dtype":"number","min":0.09596119821071625,"max":0.8322341442108154},"34":{"dtype":"number","min":0.1312558948993683,"max":0.838530421257019},"35":{"dtype":"number","min":-0.19793979823589325,"max":0.30766209959983826},"36":{"dtype":"number","min":0.06694766879081726,"max":0.8454164266586304},"37":{"dtype":"number","min":0.07484453916549683,"max":0.8292270302772522},"38":{"dtype":"number","min":-0.21270287036895752,"max":0.32112956047058105},"39":{"dtype":"number","min":0.11971744149923325,"max":0.9083812236785889},"40":{"dtype":"number","min":0.23635071516036987,"max":0.9384270310401917},"41":{"dtype":"number","min":-0.16402316093444824,"max":0.1670663058757782},"42":{"dtype":"number","min":0.11231787502765656,"max":0.9081683158874512},"43":{"dtype":"number","min":0.2096344381570816,"max":0.8977847695350647},"44":{"dtype":"number","min":-0.2068718820810318,"max":0.25356000661849976},"45":{"dtype":"number","min":0.07724528014659882,"max":0.8955240249633789},"46":{"dtype":"number","min":0.1594846099615097,"max":0.8550621867179871},"47":{"dtype":"number","min":-0.23065203428268433,"max":0.2695816457271576},"48":{"dtype":"number","min":0.05190537869930267,"max":0.8813549876213074},"49":{"dtype":"number","min":0.09399163722991943,"max":0.8376872539520264},"50":{"dtype":"number","min":-0.25666218996047974,"max":0.26934945583343506},"51":{"dtype":"number","min":0.09508608281612396,"max":0.9367258548736572},"52":{"dtype":"number","min":0.24505972862243652,"max":0.9741224646568298},"53":{"dtype":"number","min":-0.179684117436409,"max":0.1559208184480667},"54":{"dtype":"number","min":0.11029377579689026,"max":0.9580024480819702},"55":{"dtype":"number","min":0.22151239216327667,"max":0.9289036989212036},"56":{"dtype":"number","min":-0.24225987493991852,"max":0.22871482372283936},"57":{"dtype":"number","min":0.07665903866291046,"max":0.9441003203392029},"58":{"dtype":"number","min":0.18044966459274292,"max":0.9130532741546631},"59":{"dtype":"number","min":-0.28439202904701233,"max":0.2544887959957123},"60":{"dtype":"number","min":0.049372583627700806,"max":0.94804847240448},"61":{"dtype":"number","min":0.13243043422698975,"max":0.8999567627906799},"62":{"dtype":"number","min":-0.31620606780052185,"max":0.26633086800575256}},"outputs":{"label":{"dtype":"string","min":0,"max":1,"uniqueValues":["rock","papier","scissor"],"legend":{"rock":[1,0,0],"papier":[0,1,0],"scissor":[0,0,1]}}},"isNormalized":true}